tool	repo	version	description
micropython	micropython/micropython	default	MicroPython 解释器（unix port，静态自编译）
patch	gnu-mirror-unofficial/patch	default	打补丁（自编译，上游无 arm64 musl 产物）
sqlite3	sqlite/sqlite	default	SQLite 命令行（官方只对 x64 发预编译，amalgamation 自编译）
tree	Old-Man-Programmer/tree	default	目录树展示（自编译，上游无任何二进制）
curl	curl/curl + libressl/libressl	8.22.0	静态 curl（LibreSSL 后端，内嵌 CA；原生无 TLS1.3 问题，自编译）
zstd	facebook/zstd	1.5.7	zstd 压缩/解压 CLI（自编译静态，支持 -T 多线程）
openssl	libressl/libressl	4.3.3	openssl 命令行（LibreSSL 自建：s_client/证书/摘要全套）
sponge	moreutils（自编译）	0.70	管道落盘：先吞完 stdin 再写文件（避免读-写同文件竞态）
stdbuf	coreutils（自编译）	9.12	调整子进程缓冲策略（配套 libstdbuf.so 同目录，行为如 GNU stdbuf）
